ObjectGUID;ObjectId;Alfa;Beta;Tau1;Phi1;I1;Tau2;Phi2;I2;Tau3;Phi3;I3;Tau4;Phi4;I4;J;Q;U;V;P;J0;Q0;U0;V0;P0;Alfa1;Beta1;Gamma;Re_Hi;Im_Hi;ErrorCode;ErrorCode01
{0075715F-0A69-4A65-9B2D-24B530D4F59D};187;8;18;0;0;0,585;0;1,570796327;0,125;0;0,785398163;0,355;1,570796327;0,785398163;0,355;0,71;0,46;-3,33067E-16;-3,33067E-16;0,647887324;0,607131683;-0,005381009;2,7726E-16;4,50224E-16;0,008863002;-5,68674E-16;8,04227E-16;0,785398163;-5,68674E-16;8,04227E-16;0;0
{0257BDAA-BD21-491A-9EB1-D074D07A86AF};43;2;0;0;0;0,055;0;1,570796327;0,055;0;0,785398163;0,055;1,570796327;0,785398163;0,055;0,11;0;0;0;0;0,163040217;-0,106465367;0;0;0,653000648;0;0;0,785398163;0;0;0;2
{050C0CAE-11F6-4348-AFE1-9BA8062B8102};114;5;8;0;0;1,28;0;1,570796327;1,215;0;0,785398163;1,24;1,570796327;0,785398163;1,24;2,495;0,065;-0,015;-0,015;0,027404397;3,635137208;-2,318486161;0,01248669;0,020276307;0,637832443;-0,113566677;0,157238101;0,785398163;-0,114057447;0,158546888;0;0
{06C5E045-19B6-42B1-BB25-B291DF6B7D91};116;5;10;0;0;0,165;0;1,570796327;0,075;0;0,785398163;0,12;1,570796327;0,785398163;0,12;0,24;0,09;-8,32667E-17;-8,32667E-17;0,375;0,268616082;-0,098891533;6,93151E-17;1,12556E-16;0,368151945;-7,26639E-16;1,02762E-15;0,785398163;-7,26639E-16;1,02762E-15;0;0
{07E657E8-BAA8-4BE1-9E4D-A6DFBD1DAD39};193;9;3;0;0;0;0;1,570796327;0;0;0,785398163;0;1,570796327;0,785398163;0;0;0;0;0;0;0;0;0;0;0;0;0;0,785398163;0;0;0;2
{08F6427D-82F9-4148-9C00-A4ACF2E4D144};131;6;4;0;0;0,31;0;1,570796327;0,21;0;0,785398163;0,25;1,570796327;0,785398163;0,235;0,52;0,1;-0,02;-0,05;0,218419552;0,673948874;-0,355072449;0,008859303;0,059798072;0,534434513;-0,098817213;0,335859463;0,785398163;-0,099140119;0,349085023;0;0
{098EE2A1-01B5-42B9-B386-826C468B9687};59;2;16;0;0;0;0;1,570796327;0;0;0,785398163;0;1,570796327;0,785398163;0;0;0;0;0;0;0;0;0;0;0;0;0;0,785398163;0;0;0;2
{0A1A9E68-158E-4DC2-9756-F614C159E739};88;4;3;0;0;0,925;0;1,570796327;0,195;0;0,785398163;0,455;1,570796327;0,785398163;0,56;1,12;0,73;-0,21;-5,55112E-16;0,678218893;0,953502954;-0,002016846;0,229340977;0,054527317;0,247238471;0;0;0,785398163;0;0;0;1
{0D7DC5C6-03AB-4A8A-86C6-F5ADDE9B6B69};31;1;9;0;0;0,15;0;1,570796327;0,15;0;0,785398163;0,15;1,570796327;0,785398163;0,15;0,3;0;0;0;0;0,444655138;-0,290360093;0;0;0,653000648;0;0;0,785398163;0;0;0;2
{0D85F22F-30D2-4B86-9BC9-B91F7E1C6DDB};12;0;11;0;0;0;0;1,570796327;0;0;0,785398163;0;1,570796327;0,785398163;0;0;0;0;0;0;0;0;0;0;0;0;0;0,785398163;0;0;0;2
{0E65F53B-A995-4EE0-9745-FCFF09E3BAA5};50;2;7;0;0;0,555;0;1,570796327;0,235;0;0,785398163;0,395;1,570796327;0,785398163;0,395;0,79;0,32;-2,22045E-16;-2,22045E-16;0,405063291;0,861207763;-0,290316098;1,8484E-16;3,0015E-16;0,337103439;-5,44979E-16;7,70717E-16;0,785398163;-5,44979E-16;7,70717E-16;0;0
{0FED3670-DE4D-4E99-895F-B50884E53858};152;7;4;0;0;0,305;0;1,570796327;0,205;0;0,785398163;0,255;1,570796327;0,785398163;0,255;0,51;0,1;-5,55112E-17;-5,55112E-17;0,196078431;0,659127036;-0,345393779;4,621E-17;7,50374E-17;0,52401701;-4,35984E-16;6,16574E-16;0,785398163;-4,35984E-16;6,16574E-16;0;0
{11C1152B-B862-451F-9304-B7E197139267};37;1;15;0;0;0,19;0;1,570796327;0,14;0;0,785398163;0,165;1,570796327;0,785398163;0,165;0,33;0,05;-4,16334E-17;-4,16334E-17;0,151515152;0,440727303;-0,245286913;3,46575E-17;5,62781E-17;0,556550301;-6,53975E-16;9,24861E-16;0,785398163;-6,53975E-16;9,24861E-16;0;0
{1249F9B7-E12C-42EA-8611-A04D734163D7};160;7;12;0;0;0,565;0;1,570796327;0,085;0;0,785398163;0,033;1,570796327;0,785398163;0,325;0,65;0,48;-0,584;-3,33067E-16;1;0,498843316;0,082334685;0,637786335;0,151637872;1;0;0;0,785398163;0;0;0;1
{12ED6D90-2931-48A3-83BB-0D82F8C40630};112;5;6;0;0;0,53;0;1,570796327;0,21;0;0,785398163;0,32;1,570796327;0,785398163;0,37;0,74;0,32;-0,1;-2,22045E-16;0,45305553;0,787098574;-0,241922749;0,109209989;0,025965389;0,338836411;0;0;0,785398163;0;0;0;1
{135E5D99-3D08-49D6-9D02-53036BD5676E};142;6;15;0;0;0,86;0;1,570796327;0,4;0;0,785398163;0,63;1,570796327;0,785398163;0,63;1,26;0,46;-3,33067E-16;-3,33067E-16;0,365079365;1,422332769;-0,537707847;2,7726E-16;4,50224E-16;0,378046445;-5,68674E-16;8,04227E-16;0,785398163;-5,68674E-16;8,04227E-16;0;0
{16430969-6CD5-4B8A-8AA4-0BB1E1A20A42};132;6;5;0;0;1,14;0;1,570796327;0,14;0;0,785398163;0,64;1,570796327;0,785398163;0,64;1,28;1;-6,66134E-16;-6,66134E-16;0,78125;0,929328277;0,243314062;5,5452E-16;9,00449E-16;0,261817129;-5,2318E-16;7,39889E-16;0,785398163;-5,2318E-16;7,39889E-16;0;0
{17C7644F-F135-4A02-A968-F9EBD79D9742};83;3;19;0;0;0;0;1,570796327;0;0;0,785398163;0;1,570796327;0,785398163;0;0;0;0;0;0;0;0;0;0;0;0;0;0,785398163;0;0;0;2
{18B04EEB-D4C1-4B48-8F89-B28BBC81E313};1;0;0;0;0;0;0;1,570796327;0;0;0,785398163;0;1,570796327;0,785398163;0;0;0;0;0;0;0;0;0;0;0;0;0;0,785398163;0;0;0;2
{197C7EC7-264D-483E-B78F-1FFAA62F7318};200;9;10;0;0;0;0;1,570796327;0;0;0,785398163;0;1,570796327;0,785398163;0;0;0;0;0;0;0;0;0;0;0;0;0;0,785398163;0;0;0;2
{1AD72331-3B7A-445E-BA36-05F0CF323BEB};76;3;12;0;0;0,965;0;1,570796327;0,455;0;0,785398163;0,71;1,570796327;0,785398163;0,71;1,42;0,51;-4,44089E-16;-4,44089E-16;0,35915493;1,611088827;-0,618457373;3,6968E-16;6,00299E-16;0,383875403;-6,83896E-16;9,67175E-16;0,785398163;-6,83896E-16;9,67175E-16;0;0
{1B74194E-1746-49CE-8B34-31626222112E};151;7;3;0;0;0,09;0;1,570796327;0,06;0;0,785398163;0,09;1,570796327;0,785398163;0,075;0,15;0,03;0,03;-2,42861E-17;0,282842712;0,19329156;-0,100714533;-0,032762997;-0,007789617;0,549406388;0;0;0,785398163;0;0;0;1
{1C0AD947-377A-477F-B1EF-3AE650BF22EE};137;6;10;0;0;0,2;0;1,570796327;0,18;0;0,785398163;0,165;1,570796327;0,785398163;0,19;0,38;0,02;-0,05;-1,38778E-17;0,141714863;0,543872501;-0,338145775;0,054604994;0,012982694;0,630243775;0;0;0,785398163;0;0;0;1
{1C52B449-EDDF-4E3B-BB9E-CA91C93E3CA9};97;4;12;0;0;1,025;0;1,570796327;0,435;0;0,785398163;0,67;1,570796327;0,785398163;0,73;1,46;0,59;-0,12;-4,44089E-16;0,412383376;1,59294682;-0,538597349;0,131051987;0,031158467;0,348528255;0;0;0,785398163;0;0;0;1
{20171837-6ECC-46B4-BB9C-5F941B169981};100;4;15;0;0;0;0;1,570796327;0;0;0,785398163;0;1,570796327;0,785398163;0;0;0;0;0;0;0;0;0;0;0;0;0;0,785398163;0;0;0;2
{225A755D-99D2-44B2-A236-4C4F371E1D4A};54;2;11;0;0;0,1;0;1,570796327;0,05;0;0,785398163;0,075;1,570796327;0,785398163;0,075;0,15;0,05;-5,55112E-17;-5,55112E-17;0,333333333;0,17393422;-0,071070857;4,621E-17;7,50374E-17;0,408607673;-8,71967E-16;1,23315E-15;0,785398163;-8,71967E-16;1,23315E-15;0;0
{24755FAF-8AB8-44E7-AF36-E2272BE5BDA1};61;2;18;0;0;0;0;1,570796327;0;0;0,785398163;0;1,570796327;0,785398163;0;0;0;0;0;0;0;0;0;0;0;0;0;0,785398163;0;0;0;2
{24D0BDFA-219D-4455-8152-560D4138C397};198;9;8;0;0;0;0;1,570796327;0;0;0,785398163;0;1,570796327;0,785398163;0;0;0;0;0;0;0;0;0;0;0;0;0;0,785398163;0;0;0;2
{25189439-D4B7-415A-B805-F348E76D4493};58;2;15;0;0;0;0;1,570796327;0;0;0,785398163;0;1,570796327;0,785398163;0;0;0;0;0;0;0;0;0;0;0;0;0;0,785398163;0;0;0;2
{25F98A3B-AF0A-434B-9E79-EE2FC9CA25C2};183;8;14;0;0;0,685;0;1,570796327;0,025;0;0,785398163;0,355;1,570796327;0,785398163;0,355;0,71;0,66;-6,66134E-16;-6,66134E-16;0,929577465;0,413558288;0,291055749;5,5452E-16;9,00449E-16;0,703784105;-7,92697E-16;1,12104E-15;0,785398163;-7,92697E-16;1,12104E-15;0;0
{26F6025B-599D-4731-8656-80C065D1C354};38;1;16;0;0;0,25;0;1,570796327;0,11;0;0,785398163;0,195;1,570796327;0,785398163;0,195;0,36;0,14;0,03;0,03;0,406353857;0,398084788;-0,140926381;-0,02497338;-0,040552613;0,373679874;0,105737738;-0,146565383;0,785398163;0,106133574;-0,147623957;0;0
{27FB5292-95AD-4BED-8BA7-CBB7A74E607C};14;0;13;0;0;0;0;1,570796327;0;0;0,785398163;0;1,570796327;0,785398163;0;0;0;0;0;0;0;0;0;0;0;0;0;0,785398163;0;0;0;2
{28BC58DA-5EB5-441B-A7C5-DD8879988C88};206;9;16;0;0;0;0;1,570796327;0;0;0,785398163;0;1,570796327;0,785398163;0;0;0;0;0;0;0;0;0;0;0;0;0;0,785398163;0;0;0;2
{2C6F9B8B-23F0-481B-8F0F-9292D1C57565};73;3;9;0;0;0,66;0;1,570796327;0,58;0;0,785398163;0,62;1,570796327;0,785398163;0,62;1,24;0,08;-5,55112E-17;-5,55112E-17;0,064516129;1,760478544;-1,081580348;4,621E-17;7,50374E-17;0,614367242;-5,44979E-16;7,70717E-16;0,785398163;-5,44979E-16;7,70717E-16;0;0
{2DCFC206-525D-4EE1-8A02-FE277A3E5FBC};45;2;2;0;0;0,075;0;1,570796327;0,075;0;0,785398163;0,075;1,570796327;0,785398163;0,075;0,15;0;0;0;0;0,222327569;-0,145180047;0;0;0,653000648;0;0;0,785398163;0;0;0;2
{2E1DA477-20CE-44F1-A437-6C60D73D2F99};64;3;0;0;0;0,325;0;1,570796327;0,115;0;0,785398163;0,22;1,570796327;0,785398163;0,23;0,44;0,21;-1,66533E-16;0,02;0,479432343;0,448908803;-0,114602874;0,005193078;-0,021841998;0,260144701;0;0;0,785398163;0;0;0;2
{2EF8C355-F091-46CA-879C-D4A3FC7FAC92};4;0;3;0;0;0;0;1,570796327;0;0;0,785398163;0;1,570796327;0,785398163;0;0;0;0;0;0;0;0;0;0;0;0;0;0,785398163;0;0;0;2
{3240078D-DD7C-46B2-811A-E1C68CE35DEA};156;7;8;0;0;1,55;0;1,570796327;0,5;0;0,785398163;1,025;1,570796327;0,785398163;1,025;2,05;1,05;-1,11022E-15;-1,11022E-15;0,512195122;2,022216448;-0,427834321;9,24201E-16;1,50075E-15;0,211567027;-8,30445E-16;1,17443E-15;0,785398163;-8,30445E-16;1,17443E-15;0;0
{326380C8-7384-404F-AA68-1039DE4DFAF1};20;0;19;0;0;0;0;1,570796327;0;0;0,785398163;0;1,570796327;0,785398163;0;0;0;0;0;0;0;0;0;0;0;0;0;0,785398163;0;0;0;2
{33736D73-C401-4C2C-B8EE-EEAF9FBD7D53};162;7;14;0;0;0,955;0;1,570796327;0,365;0;0,785398163;0,66;1,570796327;0,785398163;0,66;1,32;0,59;-3,33067E-16;-3,33067E-16;0,446969697;1,385441089;-0,403095972;2,7726E-16;4,50224E-16;0,290951362;-4,43373E-16;6,27024E-16;0,785398163;-4,43373E-16;6,27024E-16;0;0
{3383DF68-4CD7-44E3-BEBF-3D5AC7BE673C};5;0;4;0;0;0;0;1,570796327;0;0;0,785398163;0;1,570796327;0,785398163;0;0;0;0;0;0;0;0;0;0;0;0;0;0,785398163;0;0;0;2
{339A1955-3299-4222-A4DB-91B6ECEAF770};185;8;16;0;0;0,67;0;1,570796327;0,05;0;0,785398163;0,36;1,570796327;0,785398163;0,36;0,72;0,62;-5,55112E-16;-5,55112E-16;0,861111111;0,467094805;0,222089728;4,621E-16;7,50374E-16;0,475470345;-7,03199E-16;9,94474E-16;0,785398163;-7,03199E-16;9,94474E-16;0;0
{37F6A4E0-8EB1-4D98-8C86-C29E24CA2A0A};56;2;13;0;0;0;0;1,570796327;0;0;0,785398163;0;1,570796327;0,785398163;0;0;0;0;0;0;0;0;0;0;0;0;0;0,785398163;0;0;0;2
{39FD8559-AE0C-4CAB-B6CF-D2CEC55ED9CE};170;8;1;0;0;0,075;0;1,570796327;0,075;0;0,785398163;0,075;1,570796327;0,785398163;0,075;0,15;0;0;0;0;0,222327569;-0,145180047;0;0;0,653000648;0;0;0,785398163;0;0;0;2
{3D43BA0C-0EDE-451F-AE52-1B37014434DE};51;2;8;0;0;0,56;0;1,570796327;0,25;0;0,785398163;0,405;1,570796327;0,785398163;0,405;0,81;0,31;-2,22045E-16;-2,22045E-16;0,382716049;0,900530109;-0,324495276;1,8484E-16;3,0015E-16;0,360338064;-5,62559E-16;7,95579E-16;0,785398163;-5,62559E-16;7,95579E-16;0;0
{3D571F7C-8534-4214-9FFD-998B2A5196C1};138;6;11;0;0;0,05;0;1,570796327;0,05;0;0,785398163;0,05;1,570796327;0,785398163;0,05;0,1;0;0;0;0;0,148218379;-0,096786698;0;0;0,653000648;0;0;0,785398163;0;0;0;2
{3D8D67E9-060C-42D3-B487-BD8CE0947163};197;9;7;0;0;0;0;1,570796327;0;0;0,785398163;0;1,570796327;0,785398163;0;0;0;0;0;0;0;0;0;0;0;0;0;0,785398163;0;0;0;2
{44C3B0AD-4F3D-47FF-A531-DC8346F424CB};90;4;5;0;0;1,06;0;1,570796327;0,16;0;0,785398163;0,555;1,570796327;0,785398163;0,61;1,22;0,9;-0,11;-7,77156E-16;0,743194511;0,937183947;0,153167701;0,120130988;0,028561928;0,209929361;-0,001669183;0,028193351;0,785398163;-0,001669184;0,028200823;0;0
{4763F5E7-E028-4D2D-B365-EA7FF65393E7};129;6;2;0;0;0,055;0;1,570796327;0,055;0;0,785398163;0,055;1,570796327;0,785398163;0,055;0,11;0;0;0;0;0,163040217;-0,106465367;0;0;0,653000648;0;0;0,785398163;0;0;0;2
{491CADF7-E102-4F7A-871C-113ACEB1E480};81;3;17;0;0;0,05;0;1,570796327;0,05;0;0,785398163;0,05;1,570796327;0,785398163;0,05;0,1;0;0;0;0;0,148218379;-0,096786698;0;0;0,653000648;0;0;0,785398163;0;0;0;2
{497FD1A6-85BE-44C1-95FF-389882B00B4A};181;8;12;0;0;0,54;0;1,570796327;0,08;0;0,785398163;0,3;1,570796327;0,785398163;0,31;0,62;0,46;-0,02;-3,88578E-16;0,742636415;0,473735142;0,081727019;0,021841998;0,005193078;0,178907195;-0,000620058;0,010238951;0,785398163;-0,000620058;0,010239308;0;0
{49AD593A-FD99-4E3C-BAE9-EEAF29412591};72;3;8;0;0;0,735;0;1,570796327;0,605;0;0,785398163;0,67;1,570796327;0,785398163;0,66;1,34;0,13;0;-0,02;0,098156317;1,860303575;-1,104257856;-0,005193078;0,021841998;0,593712808;0;0;0,785398163;0;0;0;2
{4DCB2D5A-0367-4AC8-A2B3-0F5CCA7D1AC8};39;1;17;0;0;0,145;0;1,570796327;0,105;0;0,785398163;0,125;1,570796327;0,785398163;0,125;0,25;0,04;-1,38778E-17;-1,38778E-17;0,16;0,331831269;-0,182679393;1,15525E-17;1,87594E-17;0,550518922;-2,7249E-16;3,85359E-16;0,785398163;-2,7249E-16;3,85359E-16;0;0
{4F867A9F-89F2-43EC-868A-1C4AE368E344};79;3;15;0;0;0;0;1,570796327;0;0;0,785398163;0;1,570796327;0,785398163;0;0;0;0;0;0;0;0;0;0;0;0;0;0,785398163;0;0;0;2
{4FD7D784-C102-4633-BD39-16BA514CA352};154;7;6;0;0;1,04;0;1,570796327;0,04;0;0,785398163;0,54;1,570796327;0,785398163;0,54;1,08;1;-7,77156E-16;-7,77156E-16;0,925925926;0,632891519;0,436887457;6,46941E-16;1,05052E-15;0,690303858;-6,10377E-16;8,63203E-16;0,785398163;-6,10377E-16;8,63203E-16;0;0
{5011E046-9472-4943-B1B3-E2296C803CD0};28;1;6;0;0;0,21;0;1,570796327;0,21;0;0,785398163;0,21;1,570796327;0,785398163;0,21;0,42;0;0;0;0;0,622517193;-0,40650413;0;0;0,653000648;0;0;0,785398163;0;0;0;2
{51F6D694-5E6F-46E3-8897-7239C31ABFA3};75;3;11;0;0;0,875;0;1,570796327;0,285;0;0,785398163;0,58;1,570796327;0,785398163;0,58;1,16;0,59;-4,44089E-16;-4,44089E-16;0,50862069;1,148291683;-0,248237256;3,6968E-16;6,00299E-16;0,216179617;-5,91164E-16;8,36032E-16;0,785398163;-5,91164E-16;8,36032E-16;0;0
{5229354C-E35D-43AB-86CB-7D323FDF8CAD};47;2;4;0;0;0,07;0;1,570796327;0,07;0;0,785398163;0,07;1,570796327;0,785398163;0,07;0,14;0;0;0;0;0,207505731;-0,135501377;0;0;0,653000648;0;0;0,785398163;0;0;0;2
{52818392-EAAF-472B-BFDA-A5BA45C96AE0};179;8;10;0;0;0,3;0;1,570796327;0,3;0;0,785398163;0,3;1,570796327;0,785398163;0,3;0,6;0;0;0;0;0,889310275;-0,580720186;0;0;0,653000648;0;0;0,785398163;0;0;0;2
{5447106C-FD3A-4F41-B5D9-D8DB72E89B2E};65;3;1;0;0;0,62;0;1,570796327;0,1;0;0,785398163;0,36;1,570796327;0,785398163;0,36;0,72;0,52;-4,44089E-16;-4,44089E-16;0,722222222;0,563881502;0,073871349;3,6968E-16;6,00299E-16;0,131005093;-6,70744E-16;9,48575E-16;0,785398163;-6,70744E-16;9,48575E-16;0;0
{563A0E9B-AEF3-48C3-B026-13B98479337B};92;4;7;0;0;0,705;0;1,570796327;0,395;0;0,785398163;0,5;1,570796327;0,785398163;0,55;1,1;0,31;-0,1;-1,11022E-16;0,296118136;1,330363409;-0,605176699;0,109209989;0,025965389;0,462655301;0;0;0,785398163;0;0;0;1
{57B6B6F6-35CB-414C-AC4B-A265D51E03C6};96;4;11;0;0;0,82;0;1,570796327;0,3;0;0,785398163;0,56;1,570796327;0,785398163;0,56;1,12;0,52;-2,22045E-16;-2,22045E-16;0,464285714;1,156755019;-0,313275442;1,8484E-16;3,0015E-16;0,270822635;-3,35372E-16;4,74288E-16;0,785398163;-3,35372E-16;4,74288E-16;0;0
{58EE1ADF-1144-4689-9279-747FEC650546};180;8;11;0;0;0,1;0;1,570796327;0,1;0;0,785398163;0,1;1,570796327;0,785398163;0,1;0,2;0;0;0;0;0,296436758;-0,193573395;0;0;0,653000648;0;0;0,785398163;0;0;0;2
{5926CC03-DA1E-46F4-8C87-2DA549377BD3};136;6;9;0;0;0,085;0;1,570796327;0,085;0;0,785398163;0,085;1,570796327;0,785398163;0,085;0,17;0;0;0;0;0,251971245;-0,164537386;0;0;0,653000648;0;0;0,785398163;0;0;0;2
{59A153FA-DE7A-4EDF-B310-7BD843053CB7};171;8;2;0;0;0,08;0;1,570796327;0,08;0;0,785398163;0,08;1,570796327;0,785398163;0,08;0,16;0;0;0;0;0,237149407;-0,154858716;0;0;0,653000648;0;0;0,785398163;0;0;0;2
{5A08F524-E70A-4143-A7B7-2DD5B40AC94E};175;8;6;0;0;0,85;0;1,570796327;0,35;0;0,785398163;0,6;1,570796327;0,785398163;0,6;1,2;0,5;-3,88578E-16;-3,88578E-16;0,416666667;1,294687062;-0,420348476;3,2347E-16;5,25262E-16;0,324671875;-6,10377E-16;8,63203E-16;0,785398163;-6,10377E-16;8,63203E-16;0;0
{5C70D532-C7C2-4FA5-A7D7-5BCAE3648531};80;3;16;0;0;0,095;0;1,570796327;0,095;0;0,785398163;0,095;1,570796327;0,785398163;0,085;0,19;0;0;-0,02;0,105263158;0,281614921;-0,183894726;-0,005193078;0,021841998;0,657849083;0;0;0,785398163;0;0;0;2
{5C7DA322-5BBE-42DB-9C9F-02A322EBDC57};44;2;1;0;0;0,105;0;1,570796327;0,105;0;0,785398163;0,105;1,570796327;0,785398163;0,105;0,21;0;0;0;0;0,311258596;-0,203252065;0;0;0,653000648;0;0;0,785398163;0;0;0;2
{5CDB7646-EEE5-4FAF-930A-03B10A20C681};86;4;1;0;0;0,315;0;1,570796327;0,105;0;0,785398163;0,16;1,570796327;0,785398163;0,21;0,42;0,21;-0,1;-1,66533E-16;0,553795398;0,419265128;-0,095245534;0,109209989;0,025965389;0,351130146;0;0;0,785398163;0;0;0;1
{5D5AC8FF-0187-41F6-A990-BFF90E8E5EF0};36;1;14;0;0;0;0;1,570796327;0;0;0,785398163;0;1,570796327;0,785398163;0;0;0;0;0;0;0;0;0;0;0;0;0;0,785398163;0;0;0;2
{5D6A4037-8BA5-42E4-80C5-279338FF3F83};108;5;2;0;0;0,065;0;1,570796327;0,045;0;0,785398163;0,05;1,570796327;0,785398163;0,055;0,11;0,02;-0,01;-1,38778E-17;0,203278907;0,143682878;-0,076821692;0,010920999;0,002596539;0,540339312;0;0;0,785398163;0;0;0;1
{5FC8C68A-EF78-4E00-A184-656B11EF4713};127;6;0;0;0;0;0;1,570796327;0;0;0,785398163;0;1,570796327;0,785398163;0;0;0;0;0;0;0;0;0;0;0;0;0;0,785398163;0;0;0;2
{603652DF-07DE-4943-B087-F9267D0F88B2};101;4;16;0;0;0,125;0;1,570796327;0,125;0;0,785398163;0,125;1,570796327;0,785398163;0,11;0,25;0;0;-0,03;0,12;0,370545948;-0,241966744;-0,007789617;0,032762997;0,659294733;0;0;0,785398163;0;0;0;2
{61475499-FD3B-4445-A15A-4D07A5E1ED6E};35;1;13;0;0;0;0;1,570796327;0;0;0,785398163;0;1,570796327;0,785398163;0;0;0;0;0;0;0;0;0;0;0;0;0;0,785398163;0;0;0;2
{638E48CA-096F-43D1-B5A1-E41919044AEE};77;3;13;0;0;0;0;1,570796327;0;0;0,785398163;0;1,570796327;0,785398163;0;0;0;0;0;0;0;0;0;0;0;0;0;0,785398163;0;0;0;2
{641129A5-8DA1-4B70-A7C9-3652B4132F68};119;5;13;0;0;0,072;0;1,570796327;0,072;0;0,785398163;0,072;1,570796327;0,785398163;0,072;0,144;0;0;0;0;0,213434466;-0,139372845;0;0;0,653000648;0;0;0,785398163;0;0;0;2
{6922D032-1F86-4A22-963C-EBD2B7C4954B};48;2;5;0;0;0,365;0;1,570796327;0,155;0;0,785398163;0,26;1,570796327;0,785398163;0,26;0,52;0,21;-1,38778E-16;-1,38778E-16;0,403846154;0,567483507;-0,192032232;1,15525E-16;1,87594E-16;0,338392622;-5,19028E-16;7,34017E-16;0,785398163;-5,19028E-16;7,34017E-16;0;0
{69D9C4B6-768D-4BE1-A8AB-E6836BEEB5BA};174;8;5;0;0;1,405;0;1,570796327;0,02;0;0,785398163;0,475;1,570796327;0,785398163;0,475;1,425;1,385;-0,475;-0,475;1;0,771616141;0,67361411;0,395411849;0,642083045;1;-0,165280304;0,225534698;0,785398163;-0,166801952;0,229438147;0;0
{6A3DFEA0-4D1D-4E91-A224-DC3A56E37806};161;7;13;0;0;1,115;0;1,570796327;0,25;0;0,785398163;0,455;1,570796327;0,785398163;0,455;1,365;0,865;-0,455;-0,455;0,789808488;1,185975941;-0,039049443;0,378762929;0,615047969;0,609940021;-0,24216841;0,319627669;0,785398163;-0,247016194;0,330976237;0;0
{6AD173C5-E815-4973-BD18-57C54441B822};99;4;14;0;0;0;0;1,570796327;0;0;0,785398163;0;1,570796327;0,785398163;0;0;0;0;0;0;0;0;0;0;0;0;0;0,785398163;0;0;0;2
{6CD19483-BD87-45EF-B37E-FA358957A56B};70;3;6;0;0;0,685;0;1,570796327;0,465;0;0,785398163;0,575;1,570796327;0,785398163;0,575;1,15;0,22;-3,33067E-16;-3,33067E-16;0,191304348;1,491580626;-0,786966589;2,7726E-16;4,50224E-16;0,5276058;-1,18905E-15;1,68157E-15;0,785398163;-1,18905E-15;1,68157E-15;0;0
{6E866609-E192-495D-8518-9EB38FAAFCB9};10;0;9;0;0;0;0;1,570796327;0;0;0,785398163;0;1,570796327;0,785398163;0;0;0;0;0;0;0;0;0;0;0;0;0;0,785398163;0;0;0;2
{6FB7AF56-5DD4-44E7-8409-72AFBB1986F1};11;0;10;0;0;0;0;1,570796327;0;0;0,785398163;0;1,570796327;0,785398163;0;0;0;0;0;0;0;0;0;0;0;0;0;0,785398163;0;0;0;2
{70A6E7A3-6E19-455A-9786-93AD0166C2CD};62;2;19;0;0;0;0;1,570796327;0;0;0,785398163;0;1,570796327;0,785398163;0;0;0;0;0;0;0;0;0;0;0;0;0;0,785398163;0;0;0;2
{735B091A-2494-4381-8A2D-A79E1231D900};40;1;18;0;0;0,065;0;1,570796327;0,065;0;0,785398163;0,065;1,570796327;0,785398163;0,065;0,13;0;0;0;0;0,192683893;-0,125822707;0;0;0,653000648;0;0;0,785398163;0;0;0;2
{74B92369-4BF2-4504-AF77-4A101B7A31C5};157;7;9;0;0;0,06;0;1,570796327;0,06;0;0,785398163;0,06;1,570796327;0,785398163;0,06;0,12;0;0;0;0;0,177862055;-0,116144037;0;0;0,653000648;0;0;0,785398163;0;0;0;2
{7762F91C-813D-4EC2-AD76-140EB017B59C};205;9;15;0;0;0;0;1,570796327;0;0;0,785398163;0;1,570796327;0,785398163;0;0;0;0;0;0;0;0;0;0;0;0;0;0,785398163;0;0;0;2
{785298DB-3E25-4E66-88DE-3571DBB3EAFE};194;9;4;0;0;0;0;1,570796327;0;0;0,785398163;0;1,570796327;0,785398163;0;0;0;0;0;0;0;0;0;0;0;0;0;0,785398163;0;0;0;2
{797D9D3A-818D-40BF-8403-127E8760EBD6};60;2;17;0;0;0;0;1,570796327;0;0;0,785398163;0;1,570796327;0,785398163;0;0;0;0;0;0;0;0;0;0;0;0;0;0,785398163;0;0;0;2
{798B3C38-AC02-42E2-B718-E272764249C1};71;3;7;0;0;0,67;0;1,570796327;0,46;0;0,785398163;0,565;1,570796327;0,785398163;0,565;1,13;0,21;-3,33067E-16;-3,33067E-16;0,185840708;1,47161562;-0,782431088;2,7726E-16;4,50224E-16;0,531681695;-1,24567E-15;1,76164E-15;0,785398163;-1,24567E-15;1,76164E-15;0;0
{7A0CBF53-58AB-466A-BB4C-0A9649A74CE3};95;4;10;0;0;0,135;0;1,570796327;0,135;0;0,785398163;0,135;1,570796327;0,785398163;0,135;0,27;0;0;0;0;0,400189624;-0,261324084;0;0;0,653000648;0;0;0,785398163;0;0;0;2
{7A1601C1-BF98-4D09-A445-E947989A45EE};182;8;13;0;0;0,54;0;1,570796327;0,11;0;0,785398163;0,325;1,570796327;0,785398163;0,325;0,65;0,43;-3,33067E-16;-3,33067E-16;0,661538462;0,547236665;0,008225496;2,7726E-16;4,50224E-16;0,015030966;-6,08349E-16;8,60336E-16;0,785398163;-6,08349E-16;8,60336E-16;0;0
{7A450955-8D2B-4A0A-B246-0D35EFFE49EA};133;6;6;0;0;1,115;0;1,570796327;0,015;0;0,785398163;0,565;1,570796327;0,785398163;0,565;1,13;1,1;-8,88178E-16;-8,88178E-16;0,973451327;0,61021401;0,536712487;7,39361E-16;1,2006E-15;0,879547959;-6,34158E-16;8,96835E-16;0,785398163;-6,34158E-16;8,96835E-16;0;0
{7A51F334-E30B-49D8-A05B-3E407CA35779};7;0;6;0;0;0;0;1,570796327;0;0;0,785398163;0;1,570796327;0,785398163;0;0;0;0;0;0;0;0;0;0;0;0;0;0,785398163;0;0;0;2
{7A7612FC-0974-4058-8AE6-5454576AAA82};26;1;4;0;0;0,13;0;1,570796327;0,13;0;0,785398163;0,13;1,570796327;0,785398163;0,13;0,26;0;0;0;0;0,385367786;-0,251645414;0;0;0,653000648;0;0;0,785398163;0;0;0;2
{7B282258-96CD-4CED-94D0-3106DC051107};69;3;5;0;0;0,785;0;1,570796327;0,44;0;0,785398163;0,61;1,570796327;0,785398163;0,61;1,225;0,345;-0,005;-0,005;0,281691801;1,481761038;-0,674283639;0,00416223;0,006758769;0,455087116;0,001355197;0,003416704;0,785398163;0,001355198;0,003416717;0;0
{7BC68159-AE52-45C3-AA86-A9545378C399};17;0;16;0;0;0,39;0;1,570796327;0,105;0;0,785398163;0,165;1,570796327;0,785398163;0,165;0,495;0,285;-0,165;-0,165;0,744122979;0,457838889;-0,056671773;0,13735359;0,223039373;0,585359813;-0,262441236;0,342886299;0,785398163;-0,268637241;0,356987667;0;0
{7BE2A1FA-9338-4D25-98A7-C940FB3AFEA3};91;4;6;0;0;0,965;0;1,570796327;0,165;0;0,785398163;0,48;1,570796327;0,785398163;0,565;1,13;0,8;-0,17;-7,77156E-16;0,723772628;0,900574104;0,09205735;0,185656981;0,044141161;0,235267893;0;0;0,785398163;0;0;0;1
{7BEEBAEB-7065-4954-A6C3-3072B8424CD6};109;5;3;0;0;0,205;0;1,570796327;0,115;0;0,785398163;0,135;1,570796327;0,785398163;0,16;0,32;0,09;-0,05;-5,55112E-17;0,321738442;0,387190786;-0,176320891;0,054604994;0,012982694;0,477900522;0;0;0,785398163;0;0;0;1
{7C1C586C-9557-4242-8D0C-3C3C14FA00B9};201;9;11;0;0;0;0;1,570796327;0;0;0,785398163;0;1,570796327;0,785398163;0;0;0;0;0;0;0;0;0;0;0;0;0;0,785398163;0;0;0;2
{7D16F0C5-7E4D-4290-AD9A-0FEBBF2CE81C};120;5;14;0;0;0,077;0;1,570796327;0,077;0;0,785398163;0,077;1,570796327;0,785398163;0,077;0,154;0;0;0;0;0,228256304;-0,149051514;0;0;0,653000648;0;0;0,785398163;0;0;0;2
{7D19126A-0F83-4595-BC37-F837247964B1};178;8;9;0;0;0,355;0;1,570796327;0,355;0;0,785398163;0,355;1,570796327;0,785398163;0,355;0,71;0;0;0;0;1,052350492;-0,687185554;0;0;0,653000648;0;0;0,785398163;0;0;0;2
{7DBB81E0-8F09-4317-AA72-F38DD8D6F661};149;7;1;0;0;0,15;0;1,570796327;0,15;0;0,785398163;0,15;1,570796327;0,785398163;0,15;0,3;0;0;0;0;0,444655138;-0,290360093;0;0;0,653000648;0;0;0,785398163;0;0;0;2
{812137D4-DDA3-4544-9F8D-E1AC7BF96B44};155;7;7;0;0;1,49;0;1,570796327;0,395;0;0,785398163;0,94;1,570796327;0,785398163;0,94;1,885;1,095;-0,005;-0,005;0,580913969;1,734102108;-0,201437999;0,00416223;0,006758769;0,116252858;0,000427124;0,001076463;0,785398163;0,000427124;0,001076463;0;0
{884DC5CB-48E2-45C5-88EA-7B9A7226EB1C};113;5;7;0;0;1,31;0;1,570796327;0,22;0;0,785398163;0,765;1,570796327;0,785398163;0,765;1,53;1,09;-8,88178E-16;-8,88178E-16;0,712418301;1,212766197;0,134743859;7,39361E-16;1,2006E-15;0,111104563;-6,39976E-16;9,05063E-16;0,785398163;-6,39976E-16;9,05063E-16;0;0
{89C47666-0D37-493D-8FDA-BC2BDCEE742D};67;3;3;0;0;0,7;0;1,570796327;0,05;0;0,785398163;0,4;1,570796327;0,785398163;0,4;0,75;0,65;0,05;0,05;0,871779789;0,482524309;0,237519232;-0,0416223;-0,067587689;0,519002706;0;0;0,785398163;0;0;0;1
{8A430037-1802-4387-97A5-ECE026D1B222};165;7;17;0;0;1,276;0;1,570796327;0,72;0;0,785398163;0,99;1,570796327;0,785398163;0,99;1,996;0,556;-0,016;-0,016;0,278787696;2,42030481;-1,107768298;0,013319136;0,02162806;0,457818147;0,002689484;0,00678417;0,785398163;0,002689491;0,006784274;0;0
{8AA80BF5-4768-414A-BDFA-C0283E0A7B45};9;0;8;0;0;0;0;1,570796327;0;0;0,785398163;0;1,570796327;0,785398163;0;0;0;0;0;0;0;0;0;0;0;0;0;0,785398163;0;0;0;2
{8C217EE4-BEDF-4C1A-BBB3-360D2F5925D6};104;4;19;0;0;0,31;0;1,570796327;0,31;0;0,785398163;0,31;1,570796327;0,785398163;0,31;0,62;0;0;0;0;0,918953951;-0,600077526;0;0;0,653000648;0;0;0,785398163;0;0;0;2
{8E2297CE-07EA-4D88-8EE2-A7AC61F9188E};57;2;14;0;0;0;0;1,570796327;0;0;0,785398163;0;1,570796327;0,785398163;0;0;0;0;0;0;0;0;0;0;0;0;0;0,785398163;0;0;0;2
{8F1BB5DC-1DD5-4695-8F11-8B83385BE4C2};166;7;18;0;0;0,69;0;1,570796327;0,28;0;0,785398163;0,485;1,570796327;0,785398163;0,485;0,97;0,41;-3,33067E-16;-3,33067E-16;0,422680412;1,040892818;-0,331135613;2,7726E-16;4,50224E-16;0,318126523;-6,38025E-16;9,02303E-16;0,785398163;-6,38025E-16;9,02303E-16;0;0
{93970AA1-3C28-4085-B02D-6B841D2A9D96};130;6;3;0;0;0,115;0;1,570796327;0,035;0;0,785398163;0,075;1,570796327;0,785398163;0,075;0,15;0,08;-6,93889E-17;-6,93889E-17;0,533333333;0,144898211;-0,026605343;5,77625E-17;9,37968E-17;0,183614022;-6,81224E-16;9,63397E-16;0,785398163;-6,81224E-16;9,63397E-16;0;0
{948BA742-5A19-4795-953B-273C45219FC6};192;9;2;0;0;0;0;1,570796327;0;0;0,785398163;0;1,570796327;0,785398163;0;0;0;0;0;0;0;0;0;0;0;0;0;0,785398163;0;0;0;2
{97CC3C7C-4D83-44BD-89E5-A954257F828C};19;0;18;0;0;0;0;1,570796327;0;0;0,785398163;0;1,570796327;0,785398163;0;0;0;0;0;0;0;0;0;0;0;0;0;0,785398163;0;0;0;2
{991520CC-0358-4D20-B057-F3403F81A1F0};158;7;10;0;0;0,105;0;1,570796327;0,105;0;0,785398163;0,105;1,570796327;0,785398163;0,105;0,21;0;0;0;0;0,311258596;-0,203252065;0;0;0,653000648;0;0;0,785398163;0;0;0;2
{9AF935E3-D846-4326-A2D5-F14A7F8865A8};207;9;17;0;0;0;0;1,570796327;0;0;0,785398163;0;1,570796327;0,785398163;0;0;0;0;0;0;0;0;0;0;0;0;0;0,785398163;0;0;0;2
{9D0544F0-8652-4D04-A73A-53C9F60C8426};122;5;16;0;0;0,055;0;1,570796327;0,055;0;0,785398163;0,055;1,570796327;0,785398163;0,055;0,11;0;0;0;0;0,163040217;-0,106465367;0;0;0,653000648;0;0;0,785398163;0;0;0;2
{9EDEE9B1-8E9D-4F8E-A1F3-DE17D4FC2CEE};103;4;18;0;0;0,055;0;1,570796327;0,055;0;0,785398163;0,055;1,570796327;0,785398163;0,055;0,11;0;0;0;0;0,163040217;-0,106465367;0;0;0,653000648;0;0;0,785398163;0;0;0;2
{A157DC40-8300-4695-906F-87AD77F27D57};202;9;12;0;0;0;0;1,570796327;0;0;0,785398163;0;1,570796327;0,785398163;0;0;0;0;0;0;0;0;0;0;0;0;0;0,785398163;0;0;0;2
{A2031138-2355-4237-B928-56817B7B1E9D};15;0;14;0;0;0,155;0;1,570796327;0,155;0;0,785398163;0,155;1,570796327;0,785398163;0,155;0,31;0;0;0;0;0,459476976;-0,300038763;0;0;0,653000648;0;0;0,785398163;0;0;0;2
{A4E41548-E39F-4BE3-A74A-E42A3D1D15F9};121;5;15;0;0;0;0;1,570796327;0;0;0,785398163;0;1,570796327;0,785398163;0;0;0;0;0;0;0;0;0;0;0;0;0;0,785398163;0;0;0;2
{A4F4B8C4-2C8E-4017-8C7D-D84337404F47};16;0;15;0;0;0,445;0;1,570796327;0,185;0;0,785398163;0,21;1,570796327;0,785398163;0,21;0,63;0,26;-0,21;-0,21;0,626531884;0,682130375;-0,22438841;0,17481366;0,283868293;0,58912441;-0,339741255;0,425710978;0,785398163;-0,353445783;0,453440037;0;0
{A4F59A50-3BFE-4AF0-97B3-2E63C355BD2C};153;7;5;0;0;1,11;0;1,570796327;0,21;0;0,785398163;0,66;1,570796327;0,785398163;0,66;1,32;0,9;-6,66134E-16;-6,66134E-16;0,681818182;1,085402326;0,056381003;5,5452E-16;9,00449E-16;0,051944797;-5,81311E-16;8,22098E-16;0,785398163;-5,81311E-16;8,22098E-16;0;0
{A5099F6E-8CBA-4348-96A7-877599A4F50B};168;7;20;0;0;0,785;0;1,570796327;0,385;0;0,785398163;0,585;1,570796327;0,785398163;0,585;1,17;0,4;-4,44089E-16;-4,44089E-16;0,341880342;1,347008246;-0,539530846;3,6968E-16;6,00299E-16;0,400540121;-8,71967E-16;1,23315E-15;0,785398163;-8,71967E-16;1,23315E-15;0;0
{A572100F-2ED4-463E-92FC-B7B4E61B870D};163;7;15;0;0;1,04;0;1,570796327;0,36;0;0,785398163;0,7;1,570796327;0,785398163;0,7;1,4;0,68;-6,66134E-16;-6,66134E-16;0,485714286;1,416907765;-0,347128789;5,5452E-16;9,00449E-16;0,244990392;-7,69383E-16;1,08807E-15;0,785398163;-7,69383E-16;1,08807E-15;0;0
{A644535D-71CB-487E-BD68-874D8D24BBFE};84;3;20;0;0;1,37;0;1,570796327;0,48;0;0,785398163;0,925;1,570796327;0,785398163;0,925;1,85;0,89;-6,66134E-16;-6,66134E-16;0,481081081;1,880638406;-0,471410332;5,5452E-16;9,00449E-16;0,250665057;-5,87843E-16;8,31336E-16;0,785398163;-5,87843E-16;8,31336E-16;0;0
{A64E25AA-C5F0-4273-BF18-AC2CC0556A1E};176;8;7;0;0;0,75;0;1,570796327;0,35;0;0,785398163;0,55;1,570796327;0,785398163;0,55;1,1;0,4;-2,22045E-16;-2,22045E-16;0,363636364;1,243255381;-0,471780158;1,8484E-16;3,0015E-16;0,37947164;-4,35984E-16;6,16574E-16;0,785398163;-4,35984E-16;6,16574E-16;0;0
{A6712B58-EFDF-4E92-B555-CC2600E2D51F};110;5;4;0;0;0,705;0;1,570796327;0,185;0;0,785398163;0,345;1,570796327;0,785398163;0,445;0,89;0,52;-0,2;-3,33067E-16;0,625994979;0,815852747;-0,090666038;0,218419978;0,051930778;0,296775134;0;0;0,785398163;0;0;0;1
{A7B40092-5C92-470D-8109-0F3E4BFEE05E};177;8;8;0;0;0,75;0;1,570796327;0,05;0;0,785398163;0,35;1,570796327;0,785398163;0,4;0,8;0,7;-0,1;-5,55112E-16;0,883883476;0,50824015;0,263235073;0,109209989;0,025965389;0,563062167;-0,001416803;0,028193672;0,785398163;-0,001416804;0,028201145;0;0
{A9B4EE02-B74B-4BB4-917F-92C2DC92BE81};189;8;20;0;0;1,585;0;1,570796327;1,135;0;0,785398163;1,36;1,570796327;0,785398163;1,36;2,72;0,45;-1,11022E-16;-1,11022E-16;0,165441176;3,595999775;-1,965615471;9,24201E-17;1,50075E-16;0,546611678;-1,9377E-16;2,74033E-16;0,785398163;-1,9377E-16;2,74033E-16;0;0
{A9DFE279-9FD0-4C95-8543-60F1568B2685};164;7;16;0;0;1,155;0;1,570796327;0,645;0;0,785398163;0,9;1,570796327;0,785398163;0,9;1,8;0,51;-4,44089E-16;-4,44089E-16;0,283333333;2,174318668;-0,986246825;3,6968E-16;6,00299E-16;0,453588905;-6,83896E-16;9,67175E-16;0,785398163;-6,83896E-16;9,67175E-16;0;0
{A9F28628-5C0E-40A8-A5A2-A8B9E4189EF3};63;2;20;0;0;0;0;1,570796327;0;0;0,785398163;0;1,570796327;0,785398163;0;0;0;0;0;0;0;0;0;0;0;0;0;0,785398163;0;0;0;2
{AA5D93E0-7613-4EF7-8EB2-2A2B34459968};55;2;12;0;0;0,22;0;1,570796327;0,01;0;0,785398163;0,115;1,570796327;0,785398163;0,115;0,23;0,21;-1,66533E-16;-1,66533E-16;0,913043478;0,137650207;0,088649192;1,3863E-16;2,25112E-16;0,644017859;-6,22834E-16;8,8082E-16;0,785398163;-6,22834E-16;8,8082E-16;0;0
{AAAE67D0-6A1F-4CE3-8422-B90DCDA9EBF6};41;1;19;0;0;0;0;1,570796327;0;0;0,785398163;0;1,570796327;0,785398163;0;0;0;0;0;0;0;0;0;0;0;0;0;0,785398163;0;0;0;2
{AE1629E1-5BA1-4414-BC3C-A7AC71BF1AD6};8;0;7;0;0;0;0;1,570796327;0;0;0,785398163;0;1,570796327;0,785398163;0;0;0;0;0;0;0;0;0;0;0;0;0;0,785398163;0;0;0;2
{AFA2294E-94DB-41C5-91AD-361F9CA88A49};107;5;1;0;0;0,155;0;1,570796327;0,045;0;0,785398163;0,095;1,570796327;0,785398163;0,1;0,2;0,11;-0,01;-6,93889E-17;0,552268051;0,189971391;-0,030533178;0,010920999;0,002596539;0,171243131;-0,001288775;0,021346434;0,785398163;-0,001288776;0,021349676;0;0
{B0E4FE6B-3928-4027-981D-1A90B9DA3003};173;8;4;0;0;0,84;0;1,570796327;0,07;0;0,785398163;0,44;1,570796327;0,785398163;0,455;0,91;0,77;-0,03;-4,44089E-16;0,846795818;0,603529679;0,260522571;0,032762997;0,007789617;0,435256351;-0,000555847;0,009176688;0,785398163;-0,000555847;0,009176946;0;0
{B13DED12-D487-40D4-9C3B-37FAD052D9CA};195;9;5;0;0;0;0;1,570796327;0;0;0,785398163;0;1,570796327;0,785398163;0;0;0;0;0;0;0;0;0;0;0;0;0;0,785398163;0;0;0;2
{B1A98F59-9B9A-4CBF-8601-C7002603961B};74;3;10;0;0;0,575;0;1,570796327;0,575;0;0,785398163;0,575;1,570796327;0,785398163;0,575;1,15;0;0;0;0;1,704511361;-1,113047024;0;0;0,653000648;0;0;0,785398163;0;0;0;2
{B24B67B7-F17E-417D-A209-8D4B4FFCD91E};199;9;9;0;0;0;0;1,570796327;0;0;0,785398163;0;1,570796327;0,785398163;0;0;0;0;0;0;0;0;0;0;0;0;0;0,785398163;0;0;0;2
{B2BCB06F-BE53-4821-8974-DEA143AF640B};146;6;19;0;0;0;0;1,570796327;0;0;0,785398163;0;1,570796327;0,785398163;0;0;0;0;0;0;0;0;0;0;0;0;0;0,785398163;0;0;0;2
{B2C67D3C-FF7F-40F3-B5D9-06F9E02E5C9F};98;4;13;0;0;0,155;0;1,570796327;0,155;0;0,785398163;0,155;1,570796327;0,785398163;0,155;0,31;0;0;0;0;0,459476976;-0,300038763;0;0;0,653000648;0;0;0,785398163;0;0;0;2
{B34A100B-3BAC-4F7C-8F4B-772D54FD9CE5};82;3;18;0;0;0,09;0;1,570796327;0,09;0;0,785398163;0,09;1,570796327;0,785398163;0,009;0,18;0;0;-0,162;0,9;0,266793083;-0,174216056;-0,04206393;0,176920182;0,94393743;0;0;0,785398163;0;0;0;2
{B3B77D45-FAFE-4BE1-80C4-C86B7C550A93};208;9;18;0;0;0;0;1,570796327;0;0;0,785398163;0;1,570796327;0,785398163;0;0;0;0;0;0;0;0;0;0;0;0;0;0,785398163;0;0;0;2
{B3BFC810-519E-4DE7-806F-93C6C876E800};159;7;11;0;0;0,045;0;1,570796327;0,045;0;0,785398163;0,045;1,570796327;0,785398163;0,045;0,09;0;0;0;0;0,133396541;-0,087108028;0;0;0,653000648;0;0;0,785398163;0;0;0;2
{B423B7C3-52D9-4DA0-8120-BA18D04A71D5};139;6;12;0;0;0,2;0;1,570796327;0,18;0;0,785398163;0,165;1,570796327;0,785398163;0,19;0,38;0,02;-0,05;-1,38778E-17;0,141714863;0,543872501;-0,338145775;0,054604994;0,012982694;0,630243775;0;0;0,785398163;0;0;0;1
{B777C958-6F76-4BF6-9102-2C64702CB793};93;4;8;0;0;0,735;0;1,570796327;0,615;0;0,785398163;0,615;1,570796327;0,785398163;0,665;1,35;0,12;-0,12;-0,02;0,126577833;1,884804082;-1,128758364;0,125858909;0,053000465;0,603240113;-6,44721E-05;0,084750612;0,785398163;-6,44721E-05;0,084954108;0;0
{B90C36EE-3CBC-4764-8E36-2B5D99D85446};117;5;11;0;0;0,06;0;1,570796327;0,06;0;0,785398163;0,06;1,570796327;0,785398163;0,06;0,12;0;0;0;0;0,177862055;-0,116144037;0;0;0,653000648;0;0;0,785398163;0;0;0;2
{B9314DE1-E29B-4CDB-B801-2C1793E1A243};32;1;10;0;0;0,045;0;1,570796327;0,045;0;0,785398163;0,045;1,570796327;0,785398163;0,045;0,09;0;0;0;0;0,133396541;-0,087108028;0;0;0,653000648;0;0;0,785398163;0;0;0;2
{B9CC783F-95A7-45E1-A319-4B75D1EEF5D4};89;4;4;0;0;0,78;0;1,570796327;0,47;0;0,785398163;0,44;1,570796327;0,785398163;0,1;1,25;0,31;-0,37;-1,05;0,924510681;1,552690977;-0,750356746;0,131440375;1,242776822;0,938803322;0;0;0,785398163;0;0;0;2
{BA01F7E1-E17A-461A-B8DB-3366CFF43962};102;4;17;0;0;0,12;0;1,570796327;0,12;0;0,785398163;0,12;1,570796327;0,785398163;0,12;0,24;0;0;0;0;0,35572411;-0,232288074;0;0;0,653000648;0;0;0,785398163;0;0;0;2
{BABE78E7-D841-4845-8F61-F1264638F5F7};124;5;18;0;0;0;0;1,570796327;0;0;0,785398163;0;1,570796327;0,785398163;0;0;0;0;0;0;0;0;0;0;0;0;0;0,785398163;0;0;0;2
{BB4B2A3B-847A-4FC5-ABD4-6D9779772E11};33;1;11;0;0;0;0;1,570796327;0;0;0,785398163;0;1,570796327;0,785398163;0;0;0;0;0;0;0;0;0;0;0;0;0;0,785398163;0;0;0;2
{BC66EB87-C9BD-444C-A873-F589F09D47B1};167;7;19;0;0;0,875;0;1,570796327;0,075;0;0,785398163;0,475;1,570796327;0,785398163;0,475;0,95;0,8;-6,66134E-16;-6,66134E-16;0,842105263;0,633781021;0,266273406;5,5452E-16;9,00449E-16;0,42013471;-6,53975E-16;9,24861E-16;0,785398163;-6,53975E-16;9,24861E-16;0;0
{BDD58196-7798-44B9-917E-503D109E28C4};144;6;17;0;0;0;0;1,570796327;0;0;0,785398163;0;1,570796327;0,785398163;0;0;0;0;0;0;0;0;0;0;0;0;0;0,785398163;0;0;0;2
{BF1BDD98-3E11-4B90-95ED-7D9BC892F92F};210;9;20;0;0;0;0;1,570796327;0;0;0,785398163;0;1,570796327;0,785398163;0;0;0;0;0;0;0;0;0;0;0;0;0;0,785398163;0;0;0;2
{C07635FA-8DF7-4B65-84B7-F2FED8319D2E};13;0;12;0;0;0;0;1,570796327;0;0;0,785398163;0;1,570796327;0,785398163;0;0;0;0;0;0;0;0;0;0;0;0;0;0,785398163;0;0;0;2
{C0BE8DF8-F086-4006-8740-61DD3A632A1D};135;6;8;0;0;1,3;0;1,570796327;1,065;0;0,785398163;1,18;1,570796327;0,785398163;1,175;2,365;0,235;-0,005;-0,015;0,099590408;3,277915929;-1,940692209;0,001565691;0,017679768;0,592075396;0,011381707;0,005028655;0,785398163;0,011382199;0,005028698;0;0
{C37118E5-DEA0-4FCE-94B3-94A2EE23E1E9};128;6;1;0;0;0;0;1,570796327;0;0;0,785398163;0;1,570796327;0,785398163;0;0;0;0;0;0;0;0;0;0;0;0;0;0,785398163;0;0;0;2
{C536B9AF-5BC7-458A-AAC3-6D9C60D4D788};150;7;2;0;0;0,15;0;1,570796327;0,15;0;0,785398163;0,15;1,570796327;0,785398163;0,15;0,3;0;0;0;0;0,444655138;-0,290360093;0;0;0,653000648;0;0;0,785398163;0;0;0;2
{C6A1D426-FE29-45B1-B463-21699A4A7554};68;3;4;0;0;0,75;0;1,570796327;0,05;0;0,785398163;0,4;1,570796327;0,785398163;0,4;0,8;0,7;-5,55112E-16;-5,55112E-16;0,875;0,50824015;0,263235073;4,621E-16;7,50374E-16;0,517934431;-6,22834E-16;8,8082E-16;0,785398163;-6,22834E-16;8,8082E-16;0;0
{C78AA65A-4EA0-4513-B51C-673EA606EC87};34;1;12;0;0;0;0;1,570796327;0;0;0,785398163;0;1,570796327;0,785398163;0;0;0;0;0;0;0;0;0;0;0;0;0;0,785398163;0;0;0;2
{C7E85189-F7F4-457C-B068-754635F07771};169;8;0;0;0;0;0;1,570796327;0;0;0,785398163;0;1,570796327;0,785398163;0;0;0;0;0;0;0;0;0;0;0;0;0;0,785398163;0;0;0;2
{C8652E10-5781-4565-9456-D90AEA743AEA};46;2;3;0;0;0,07;0;1,570796327;0,07;0;0,785398163;0,07;1,570796327;0,785398163;0,07;0,14;0;0;0;0;0,207505731;-0,135501377;0;0;0,653000648;0;0;0,785398163;0;0;0;2
{C956CB0D-5AD1-4281-8618-A83076892EDE};196;9;6;0;0;0;0;1,570796327;0;0;0,785398163;0;1,570796327;0,785398163;0;0;0;0;0;0;0;0;0;0;0;0;0;0,785398163;0;0;0;2
{CC167304-EB18-4E54-A627-E2FEC5D0F79A};145;6;18;0;0;0;0;1,570796327;0;0;0,785398163;0;1,570796327;0,785398163;0;0;0;0;0;0;0;0;0;0;0;0;0;0,785398163;0;0;0;2
{CD0F9A05-21FF-44B7-9BAB-5F326852C205};42;1;20;0;0;0;0;1,570796327;0;0;0,785398163;0;1,570796327;0,785398163;0;0;0;0;0;0;0;0;0;0;0;0;0;0,785398163;0;0;0;2
{CDEECA7D-84C3-4100-B835-A728F1F9756E};23;1;1;0;0;0,06;0;1,570796327;0,06;0;0,785398163;0,06;1,570796327;0,785398163;0,06;0,12;0;0;0;0;0,177862055;-0,116144037;0;0;0,653000648;0;0;0,785398163;0;0;0;2
{CEDDEFC8-5311-4B78-9BD3-F985BEB474BD};148;7;0;0;0;0,105;0;1,570796327;0,105;0;0,785398163;0,105;1,570796327;0,785398163;0,105;0,21;0;0;0;0;0,311258596;-0,203252065;0;0;0,653000648;0;0;0,785398163;0;0;0;2
{CF7C95F5-9B32-44D4-9400-74FFB890B26A};66;3;2;0;0;1,015;0;1,570796327;0,195;0;0,785398163;0,605;1,570796327;0,785398163;0,605;1,21;0,82;-6,66134E-16;-6,66134E-16;0,67768595;0,999791467;0,044271667;5,5452E-16;9,00449E-16;0,044280901;-6,38025E-16;9,02303E-16;0,785398163;-6,38025E-16;9,02303E-16;0;0
{D1C53179-1879-4A7C-8B5A-883D2A5EF0D3};184;8;15;0;0;0,825;0;1,570796327;0,075;0;0,785398163;0,45;1,570796327;0,785398163;0,45;0,9;0,75;-4,44089E-16;-4,44089E-16;0,833333333;0,60806518;0,240557565;3,6968E-16;6,00299E-16;0,395611478;-4,65049E-16;6,57679E-16;0,785398163;-4,65049E-16;6,57679E-16;0;0
{D32315A4-88FB-41C8-9AFC-3EFF835925EA};125;5;19;0;0;0;0;1,570796327;0;0;0,785398163;0;1,570796327;0,785398163;0;0;0;0;0;0;0;0;0;0;0;0;0;0,785398163;0;0;0;2
{D34F8F39-1BBC-4AC5-8337-E925D9D6DFBC};203;9;13;0;0;0;0;1,570796327;0;0;0,785398163;0;1,570796327;0,785398163;0;0;0;0;0;0;0;0;0;0;0;0;0;0,785398163;0;0;0;2
{D44307B2-2FF9-4AF4-ADFC-78AEB5D1DE2A};21;0;20;0;0;0;0;1,570796327;0;0;0,785398163;0;1,570796327;0,785398163;0;0;0;0;0;0;0;0;0;0;0;0;0;0,785398163;0;0;0;2
{D62ADB6F-233B-4653-90F2-DD0B0099229E};30;1;8;0;0;0,25;0;1,570796327;0,25;0;0,785398163;0,25;1,570796327;0,785398163;0,25;0,5;0;0;0;0;0,741091896;-0,483933489;0;0;0,653000648;0;0;0,785398163;0;0;0;2
{D65F75AA-7661-4EC1-B8A7-9B98633FF3EB};141;6;14;0;0;0,965;0;1,570796327;0,445;0;0,785398163;0,705;1,570796327;0,785398163;0,705;1,41;0,52;-4,44089E-16;-4,44089E-16;0,368794326;1,586588319;-0,593956866;3,6968E-16;6,00299E-16;0,374361048;-6,70744E-16;9,48575E-16;0,785398163;-6,70744E-16;9,48575E-16;0;0
{D7897EC7-9A31-4338-8B4B-6BB823C7F9C4};147;6;20;0;0;1,365;0;1,570796327;0,055;0;0,785398163;0,71;1,570796327;0,785398163;0,71;1,42;1,31;-1,11022E-15;-1,11022E-15;0,922535211;0,836795245;0,56728966;9,24201E-16;1,50075E-15;0,677931267;-6,65624E-16;9,41334E-16;0,785398163;-6,65624E-16;9,41334E-16;0;0
{D89B3986-4B9C-4799-88F4-AD1213A6D94E};29;1;7;0;0;0,22;0;1,570796327;0,22;0;0,785398163;0,22;1,570796327;0,785398163;0,22;0,44;0;0;0;0;0,652160869;-0,42586147;0;0;0,653000648;0;0;0,785398163;0;0;0;2
{D90B92AD-8D7A-44E7-B636-034B41D73419};25;1;3;0;0;0,055;0;1,570796327;0,055;0;0,785398163;0,055;1,570796327;0,785398163;0,055;0,11;0;0;0;0;0,163040217;-0,106465367;0;0;0,653000648;0;0;0,785398163;0;0;0;2
{DC0E3EFD-E11E-481E-944C-81F181FFD825};87;4;2;0;0;0,735;0;1,570796327;0,235;0;0,785398163;0,395;1,570796327;0,785398163;0,485;0,97;0,5;-0,18;-3,88578E-16;0,54784867;0,95378479;-0,197739072;0,19657798;0,0467377;0,296414354;0;0;0,785398163;0;0;0;1
{DC8991DD-D5D5-4584-9774-8C2E63E83D09};186;8;17;0;0;0,615;0;1,570796327;0,105;0;0,785398163;0,36;1,570796327;0,785398163;0,36;0,72;0,51;-4,44089E-16;-4,44089E-16;0,708333333;0,573560172;0,059049511;3,6968E-16;6,00299E-16;0,102952599;-6,83896E-16;9,67175E-16;0,785398163;-6,83896E-16;9,67175E-16;0;0
{DCC6003B-35EF-4D4B-BE18-2A97352CD1DD};105;4;20;0;0;1,18;0;1,570796327;0,06;0;0,785398163;0,62;1,570796327;0,785398163;0,62;1,24;1,12;-8,88178E-16;-8,88178E-16;0,903225806;0,753896888;0,459890796;7,39361E-16;1,2006E-15;0,610018164;-6,22834E-16;8,8082E-16;0,785398163;-6,22834E-16;8,8082E-16;0;0
{DE73E53E-7B56-4439-8E43-7E231D5A5030};3;0;2;0;0;0;0;1,570796327;0;0;0,785398163;0;1,570796327;0,785398163;0;0;0;0;0;0;0;0;0;0;0;0;0;0,785398163;0;0;0;2
{DFB91098-C465-46DA-BD73-EC753502300E};2;0;1;0;0;0;0;1,570796327;0;0;0,785398163;0;1,570796327;0,785398163;0;0;0;0;0;0;0;0;0;0;0;0;0;0,785398163;0;0;0;2
{E0EE9627-B0D6-432D-B135-4D447B5D705B};49;2;6;0;0;0,51;0;1,570796327;0,19;0;0,785398163;0,35;1,570796327;0,785398163;0,35;0,7;0,32;-2,77556E-16;-2,77556E-16;0,457142857;0,727811222;-0,20320807;2,3105E-16;3,75187E-16;0,279204365;-6,81224E-16;9,63397E-16;0,785398163;-6,81224E-16;9,63397E-16;0;0
{E1AA46AF-AE9C-48BE-AE6E-1B986A6A5623};134;6;7;0;0;1,795;0;1,570796327;0,795;0;0,785398163;1,295;1,570796327;0,785398163;1,295;2,59;1;-8,88178E-16;-8,88178E-16;0,386100386;2,870989045;-1,024591678;7,39361E-16;1,2006E-15;0,356877599;-6,97574E-16;9,86518E-16;0,785398163;-6,97574E-16;9,86518E-16;0;0
{E3B3E620-5AAD-41CB-84E9-F9EECBC20102};78;3;14;0;0;0;0;1,570796327;0;0;0,785398163;0;1,570796327;0,785398163;0;0;0;0;0;0;0;0;0;0;0;0;0;0,785398163;0;0;0;2
{E3E0C04E-D30C-4725-97A6-A308DC33353C};123;5;17;0;0;0;0;1,570796327;0;0;0,785398163;0;1,570796327;0,785398163;0;0;0;0;0;0;0;0;0;0;0;0;0;0,785398163;0;0;0;2
{E4416948-9423-4559-A5C0-DE4D6CA25009};52;2;9;0;0;0;0;1,570796327;0;0;0,785398163;0;1,570796327;0,785398163;0;0;0;0;0;0;0;0;0;0;0;0;0;0,785398163;0;0;0;2
{E6D582A2-EA70-4B6E-9AF7-3288E59C92F1};27;1;5;0;0;0,2;0;1,570796327;0,2;0;0,785398163;0,2;1,570796327;0,785398163;0,2;0,4;0;0;0;0;0,592873517;-0,387146791;0;0;0,653000648;0;0;0,785398163;0;0;0;2
{EA259BF0-F54A-44C7-9814-3F168B9AEC09};190;9;0;0;0;0;0;1,570796327;0;0;0,785398163;0;1,570796327;0,785398163;0;0;0;0;0;0;0;0;0;0;0;0;0;0,785398163;0;0;0;2
{EB68DF90-3A8C-49F8-A29E-006DB2FEA18F};106;5;0;0;0;0;0;1,570796327;0;0;0,785398163;0;1,570796327;0,785398163;0;0;0;0;0;0;0;0;0;0;0;0;0;0,785398163;0;0;0;2
{EC9F090C-5F4D-4C89-987F-E5042719D9C1};143;6;16;0;0;0,055;0;1,570796327;0,025;0;0,785398163;0,03;1,570796327;0,785398163;0,04;0,08;0,03;-0,02;-2,42861E-17;0,450693909;0,089538694;-0,032963844;0,021841998;0,005193078;0,445427855;0;0;0,785398163;0;0;0;1
{ED565392-7CEE-4D64-80FB-E4E033959424};209;9;19;0;0;0;0;1,570796327;0;0;0,785398163;0;1,570796327;0,785398163;0;0;0;0;0;0;0;0;0;0;0;0;0;0,785398163;0;0;0;2
{EE04596A-BEFD-45EB-92DB-47750833F3AC};188;8;19;0;0;1,5;0;1,570796327;0,3;0;0,785398163;0,9;1,570796327;0,785398163;0,9;1,8;1,2;-8,88178E-16;-8,88178E-16;0,666666667;1,506490454;0,036459992;7,39361E-16;1,2006E-15;0,02420194;-5,81311E-16;8,22098E-16;0,785398163;-5,81311E-16;8,22098E-16;0;0
{EE21303B-A685-43B9-B84B-AFB13DAAA2E3};24;1;2;0;0;0,06;0;1,570796327;0,06;0;0,785398163;0,06;1,570796327;0,785398163;0,06;0,12;0;0;0;0;0,177862055;-0,116144037;0;0;0,653000648;0;0;0,785398163;0;0;0;2
{F0273626-C269-48A4-B8AC-470841C04382};85;4;0;0;0;0,2;0;1,570796327;0,1;0;0,785398163;0,15;1,570796327;0,785398163;0,14;0,3;0,1;-1,11022E-16;-0,02;0,339934634;0,34786844;-0,142141714;-0,005193078;0,021841998;0,413673095;0;0;0,785398163;0;0;0;2
{F0611E87-4B1A-493C-91D3-1970AA753B1F};191;9;1;0;0;0;0;1,570796327;0;0;0,785398163;0;1,570796327;0,785398163;0;0;0;0;0;0;0;0;0;0;0;0;0;0,785398163;0;0;0;2
{F20A1E0C-8FEB-4940-B3B5-36F71BD7C348};94;4;9;0;0;0,075;0;1,570796327;0,075;0;0,785398163;0,125;1,570796327;0,785398163;0,075;0,15;-3,49148E-16;0,1;2,76101E-31;0,666666667;0,222327569;-0,145180047;-0,109209989;-0,025965389;0,825432495;0;0;0,785398163;0;0;0;1
{F57456F4-376D-46C2-A6A4-BC2DAD5540CA};6;0;5;0;0;0;0;1,570796327;0;0;0,785398163;0;1,570796327;0,785398163;0;0;0;0;0;0;0;0;0;0;0;0;0;0,785398163;0;0;0;2
{F716E506-67FB-444A-B43D-746BF13169C5};18;0;17;0;0;0,065;0;1,570796327;0,065;0;0,785398163;0,065;1,570796327;0,785398163;0,065;0,13;0;0;0;0;0,192683893;-0,125822707;0;0;0,653000648;0;0;0,785398163;0;0;0;2
{F78CE549-2557-4106-9F77-B7EEE787124F};111;5;5;0;0;0,6;0;1,570796327;0,25;0;0,785398163;0,325;1,570796327;0,785398163;0,423;0,85;0,35;-0,2;-0,004;0,474273803;0,921102781;-0,303922603;0,217381362;0,056299177;0,410247245;0;0;0,785398163;0;0;0;1
{F8798D62-86B2-4275-9CA0-D58D786AEADE};126;5;20;0;0;1,315;0;1,570796327;0,105;0;0,785398163;0,71;1,570796327;0,785398163;0,71;1,42;1,21;-8,88178E-16;-8,88178E-16;0,852112676;0,933581943;0,419071281;7,39361E-16;1,2006E-15;0,448885376;-5,76507E-16;8,15304E-16;0,785398163;-5,76507E-16;8,15304E-16;0;0
{FA1B09FA-46A8-432E-A40C-0D4BB187B373};22;1;0;0;0;0;0;1,570796327;0;0;0,785398163;0;1,570796327;0,785398163;0;0;0;0;0;0;0;0;0;0;0;0;0;0,785398163;0;0;0;2
{FA915BD5-1C5D-4F64-9030-2617EE1DCC1B};140;6;13;0;0;0,97;0;1,570796327;0,26;0;0,785398163;0,615;1,570796327;0,785398163;0,615;1,23;0,71;-5,55112E-16;-5,55112E-16;0,577235772;1,135900511;-0,138125889;4,621E-16;7,50374E-16;0,121600341;-6,14061E-16;8,68414E-16;0,785398163;-6,14061E-16;8,68414E-16;0;0
{FD4900BC-84EF-4452-8651-D24F4227F4F9};118;5;12;0;0;0,095;0;1,570796327;0,015;0;0,785398163;0,05;1,570796327;0,785398163;0,055;0,11;0,08;-0,01;-5,55112E-17;0,732932523;0,085610859;0,012109336;0,010920999;0,002596539;0,192872765;-0,001629587;0,028190237;0,785398163;-0,001629588;0,028197707;0;0
{FD7D7243-A72A-4EE5-A372-E08ACFBB6F8B};53;2;10;0;0;0;0;1,570796327;0;0;0,785398163;0;1,570796327;0,785398163;0;0;0;0;0;0;0;0;0;0;0;0;0;0,785398163;0;0;0;2
{FE11BE76-B40C-4375-8DC1-EBF716BB02C2};115;5;9;0;0;0,16;0;1,570796327;0,16;0;0,785398163;0,16;1,570796327;0,785398163;0,16;0,32;0;0;0;0;0,474298814;-0,309717433;0;0;0,653000648;0;0;0,785398163;0;0;0;2
{FEEF6BF0-FF85-4B8F-8EC7-C7AFA2A53617};172;8;3;0;0;0,58;0;1,570796327;0,22;0;0,785398163;0,4;1,570796327;0,785398163;0,4;0,8;0,36;-1,66533E-16;-1,66533E-16;0,45;0,837314922;-0,240707416;1,3863E-16;2,25112E-16;0,287475369;-3,6332E-16;5,13812E-16;0,785398163;-3,6332E-16;5,13812E-16;0;0
{FFA4FD53-5F48-419D-82FF-753E4A493838};204;9;14;0;0;0;0;1,570796327;0;0;0,785398163;0;1,570796327;0,785398163;0;0;0;0;0;0;0;0;0;0;0;0;0;0,785398163;0;0;0;2
